-- ================================================================
-- DATOS: Zonas de altitud mínima MSAW + Perfiles de aproximación
-- ================================================================


-- ── minimums_zones_kernel (10 filas) ──────────────────
INSERT INTO minimums_zones_kernel (identifier, altitude, colour, c1, c2, c3, time_to_prediction) VALUES
    ('110S  ', '110', '0', '0', '0', '0', '60'),
    ('80E   ', '80', '0', '0', '0', '0', '60'),
    ('60S   ', '60', '0', '0', '0', '0', '60'),
    ('36N   ', '36', '0', '0', '0', '0', '60'),
    ('36S   ', '36', '0', '0', '0', '0', '60'),
    ('60N   ', '60', '0', '0', '0', '0', '60'),
    ('80N   ', '80', '0', '0', '0', '0', '60'),
    ('80W   ', '80', '0', '0', '0', '0', '60'),
    ('100   ', '100', '0', '0', '0', '0', '60'),
    ('110N  ', '110', '0', '0', '0', '0', '60');

-- ── minimums_zones_vertices (97 filas) ──────────────────
INSERT INTO minimums_zones_vertices (zone_identifier, sequence_number, latitude_image, longitude_image, lat_dec, lon_dec) VALUES
    ('80E   ', '1', '311532S', '0641847W', '00', '00'),
    ('80E   ', '2', '311928S', '0641946W', '00', '00'),
    ('80E   ', '3', '312021S', '0642938W', '00', '00'),
    ('80E   ', '4', '311116S', '0642722W', '00', '00'),
    ('60S   ', '1', '320446S', '0640554W', '00', '00'),
    ('60S   ', '2', '315758S', '0643244W', '00', '00'),
    ('60S   ', '3', '312121S', '0644115W', '00', '00'),
    ('60S   ', '4', '312021S', '0642938W', '00', '00'),
    ('60S   ', '5', '311928S', '0641946W', '00', '00'),
    ('60S   ', '6', '312040S', '0642004W', '00', '00'),
    ('60S   ', '7', '312404S', '0642209W', '00', '00'),
    ('36N   ', '1', '302444S', '0635946W', '00', '00'),
    ('36N   ', '2', '302642S', '0635141W', '00', '00'),
    ('36N   ', '3', '303032S', '0634122W', '00', '00'),
    ('36N   ', '4', '303552S', '0633221W', '00', '00'),
    ('36N   ', '5', '304129S', '0632440W', '00', '00'),
    ('36N   ', '6', '304919S', '0631823W', '00', '00'),
    ('36N   ', '7', '305908S', '0631212W', '00', '00'),
    ('110S  ', '1', '313337S', '0645002W', '00', '00'),
    ('110S  ', '2', '315326S', '0645035W', '00', '00'),
    ('110S  ', '3', '314933S', '0650539W', '00', '00'),
    ('110S  ', '4', '314152S', '0651039W', '00', '00'),
    ('110S  ', '5', '313345S', '0645435W', '00', '00'),
    ('36N   ', '8', '310931S', '0630917W', '00', '00'),
    ('36N   ', '9', '312141S', '0630810W', '00', '00'),
    ('36N   ', '10', '312404S', '0642209W', '00', '00'),
    ('36N   ', '11', '312040S', '0642004W', '00', '00'),
    ('36N   ', '12', '311928S', '0641946W', '00', '00'),
    ('36N   ', '13', '311532S', '0641847W', '00', '00'),
    ('36N   ', '14', '310236S', '0641535W', '00', '00'),
    ('36S   ', '1', '312141S', '0630810W', '00', '00'),
    ('36S   ', '2', '313359S', '0631036W', '00', '00'),
    ('36S   ', '3', '314256S', '0631419W', '00', '00'),
    ('36S   ', '4', '315032S', '0631924W', '00', '00'),
    ('36S   ', '5', '315730S', '0632621W', '00', '00'),
    ('36S   ', '6', '320338S', '0633434W', '00', '00'),
    ('36S   ', '7', '320714S', '0634134W', '00', '00'),
    ('36S   ', '8', '320930S', '0634655W', '00', '00'),
    ('36S   ', '9', '320446S', '0640554W', '00', '00'),
    ('36S   ', '10', '312404S', '0642209W', '00', '00'),
    ('60N   ', '1', '311532S', '0641847W', '00', '00'),
    ('60N   ', '2', '311116S', '0642722W', '00', '00'),
    ('60N   ', '3', '310945S', '0643022W', '00', '00'),
    ('60N   ', '4', '311007S', '0643128W', '00', '00'),
    ('60N   ', '5', '310551S', '0643325W', '00', '00'),
    ('60N   ', '6', '310601S', '0643116W', '00', '00'),
    ('60N   ', '7', '310411S', '0642552W', '00', '00'),
    ('60N   ', '8', '310417S', '0642516W', '00', '00'),
    ('60N   ', '9', '305220S', '0642304W', '00', '00'),
    ('60N   ', '10', '302444S', '0635946W', '00', '00'),
    ('60N   ', '11', '310236S', '0641535W', '00', '00'),
    ('80N   ', '1', '302444S', '0635946W', '00', '00'),
    ('80N   ', '2', '305220S', '0642304W', '00', '00'),
    ('80N   ', '3', '310417S', '0642516W', '00', '00'),
    ('80N   ', '4', '310411S', '0642552W', '00', '00'),
    ('80N   ', '5', '304119S', '0642825W', '00', '00'),
    ('80N   ', '6', '302507S', '0642645W', '00', '00'),
    ('80N   ', '7', '302418S', '0642208W', '00', '00'),
    ('80N   ', '8', '302356S', '0641728W', '00', '00'),
    ('80N   ', '9', '302351S', '0641339W', '00', '00'),
    ('80N   ', '10', '302359S', '0640901W', '00', '00'),
    ('80N   ', '11', '302413S', '0640421W', '00', '00'),
    ('80W   ', '1', '311007S', '0643128W', '00', '00'),
    ('80W   ', '2', '311300S', '0644002W', '00', '00'),
    ('80W   ', '3', '310503S', '0644333W', '00', '00'),
    ('80W   ', '4', '310551S', '0643325W', '00', '00'),
    ('100   ', '1', '302507S', '0642645W', '00', '00'),
    ('100   ', '2', '304119S', '0642825W', '00', '00'),
    ('100   ', '3', '310411S', '0642552W', '00', '00'),
    ('100   ', '4', '310601S', '0643116W', '00', '00'),
    ('100   ', '5', '310551S', '0643325W', '00', '00'),
    ('100   ', '6', '310503S', '0644333W', '00', '00'),
    ('100   ', '7', '311300S', '0644002W', '00', '00'),
    ('100   ', '8', '311007S', '0643128W', '00', '00'),
    ('100   ', '9', '310945S', '0643022W', '00', '00'),
    ('100   ', '10', '311116S', '0642722W', '00', '00'),
    ('100   ', '11', '312021S', '0642938W', '00', '00'),
    ('100   ', '12', '312121S', '0644115W', '00', '00'),
    ('100   ', '13', '315758S', '0643244W', '00', '00'),
    ('100   ', '14', '315326S', '0645035W', '00', '00'),
    ('100   ', '15', '313337S', '0645002W', '00', '00'),
    ('100   ', '16', '313345S', '0645435W', '00', '00'),
    ('100   ', '17', '314152S', '0651039W', '00', '00'),
    ('100   ', '18', '313258S', '0651421W', '00', '00'),
    ('100   ', '19', '305023S', '0645306W', '00', '00'),
    ('110N  ', '1', '302507S', '0642645W', '00', '00'),
    ('110N  ', '2', '305023S', '0645306W', '00', '00'),
    ('110N  ', '3', '313258S', '0651421W', '00', '00'),
    ('110N  ', '4', '312128S', '0651633W', '00', '00'),
    ('110N  ', '5', '311147S', '0651600W', '00', '00'),
    ('110N  ', '6', '310145S', '0651335W', '00', '00'),
    ('110N  ', '7', '305252S', '0650918W', '00', '00'),
    ('110N  ', '8', '304444S', '0650330W', '00', '00'),
    ('110N  ', '9', '303836S', '0645652W', '00', '00'),
    ('110N  ', '10', '303325S', '0645015W', '00', '00'),
    ('110N  ', '11', '302944S', '0644246W', '00', '00'),
    ('110N  ', '12', '302650S', '0643406W', '00', '00');

-- ── profile_parameters (1 filas) ──────────────────
INSERT INTO profile_parameters (tol_heading, tol_altitude, tol_distance, entorno_aerodrome) VALUES
    ('18', '3', '0.5', '3');

-- ── profiles_kernel (8 filas) ──────────────────
INSERT INTO profiles_kernel (name, airport, runway, category, kind) VALUES
    ('RW01D  ', 'SACO', '01 ', 'G', 'D'),
    ('RW19D  ', 'SACO', '19 ', 'G', 'D'),
    ('RWY01A ', 'SACO', '01 ', 'G', 'A'),
    ('RWY01D ', 'SACO', '01 ', 'G', 'D'),
    ('RWY05A ', 'SACO', '05 ', 'G', 'A'),
    ('RWY19A ', 'SACO', '19 ', 'G', 'A'),
    ('RWY19D ', 'SACO', '19 ', 'G', 'D'),
    ('RWY23A ', 'SACO', '23 ', 'G', 'A');

-- ── profile_points (21 filas) ──────────────────
INSERT INTO profile_points (perfil_id, airport, runway, point, category, latitude, longitude, distance, azimut, distance_lateral, altitude, seq_num, lat_dec, lon_dec) VALUES
    ('RW01D  ', 'SACO', '01 ', 'INICIO', 'G', '311634S', '0641231W', '0', '0', '0.5', '21', '1', '32', '59'),
    ('RW01D  ', 'SACO', '01 ', 'MEDIO ', 'G', '311507S', '0641152W', '0', '0', '0.5', '30', '2', '46', '25'),
    ('RW01D  ', 'SACO', '01 ', 'CO211 ', 'G', '311429S', '0640655W', '0', '0', '0.5', '40', '3', '85', '16'),
    ('RW19D  ', 'SACO', '19 ', 'INICIO', 'G', '312154S', '0641227W', '0', '0', '0.5', '21', '1', '14', '53'),
    ('RW19D  ', 'SACO', '19 ', 'MEDIO ', 'G', '312238S', '0641212W', '0', '0', '0.5', '21', '2', '82', '51'),
    ('RW19D  ', 'SACO', '19 ', 'FIN   ', 'G', '312312S', '0641142W', '0', '0', '0.5', '21', '3', '04', '23'),
    ('RWY01A ', 'SACO', '01 ', 'EDNUL ', 'G', '312605S', '0640255W', '0', '0', '0.5', '45', '1', '83', '55'),
    ('RWY01A ', 'SACO', '01 ', 'ESONA ', 'G', '312605S', '0640951W', '0', '0', '0.5', '36', '2', '64', '96'),
    ('RWY01A ', 'SACO', '01 ', 'LIVUS ', 'G', '312223S', '0641226W', '0', '0', '0.5', '25', '3', '74', '29'),
    ('RWY01D ', 'SACO', '01 ', 'CO200 ', 'G', '311146S', '0641236W', '0', '0', '0.5', '21', '1', '66', '70'),
    ('RWY01D ', 'SACO', '01 ', 'OPSUG ', 'G', '310710S', '0641651W', '0', '0', '0.5', '25', '2', '66', '34'),
    ('RWY05A ', 'SACO', '05 ', 'GUVUX ', 'G', '312834S', '0642252W', '0', '0', '0.5', '50', '1', '45', '24'),
    ('RWY05A ', 'SACO', '05 ', 'CO006 ', 'G', '312509S', '0641859W', '0', '0', '0.5', '35', '2', '86', '76'),
    ('RWY19A ', 'SACO', '19 ', 'EDPAK ', 'G', '310510S', '0641243W', '0', '0', '0.5', '50', '1', '18', '18'),
    ('RWY19A ', 'SACO', '19 ', 'UBNOR ', 'G', '311040S', '0641237W', '0', '0', '0.5', '39', '2', '86', '78'),
    ('RWY19A ', 'SACO', '19 ', 'CO394 ', 'G', '311543S', '0641232W', '0', '0', '0.5', '23', '3', '93', '85'),
    ('RWY19D ', 'SACO', '19 ', 'INICIO', 'G', '312154S', '0641227W', '0', '0', '0.5', '21', '1', '14', '53'),
    ('RWY19D ', 'SACO', '19 ', 'MEDIO ', 'G', '312316S', '0641142W', '0', '0', '0.5', '21', '2', '74', '64'),
    ('RWY19D ', 'SACO', '19 ', 'CO401 ', 'G', '312346S', '0640259W', '0', '0', '0.5', '50', '3', '68', '21'),
    ('RWY23A ', 'SACO', '23 ', 'GIBNA ', 'G', '310859S', '0640043W', '0', '0', '0.5', '50', '1', '82', '08'),
    ('RWY23A ', 'SACO', '23 ', 'TISTI ', 'G', '311305S', '0640520W', '0', '0', '0.5', '40', '2', '86', '36');

-- ── apm_profiles_kernel (128 filas) ──────────────────
INSERT INTO apm_profiles_kernel (airport_id, runway_id, min_distance, max_distance, half_wide, lower_slope, upper_slope, glide_slope, enable_jh, jh, lateral_dev, vertical_up_dev, vertical_down_dev, near_latitude, near_longitude, far_latitude, far_longitude) VALUES
    ('SABE', '13 ', '3', '12', '1', '2.5', '4.8', '3', 'N', '0', 'Y', 'Y', 'Y', NULL, NULL, NULL, NULL),
    ('SABE', '31 ', '3', '12', '1', '2.5', '4.8', '3', 'N', '0', 'Y', 'Y', 'Y', NULL, NULL, NULL, NULL),
    ('SAAC', '04 ', '3', '12', '1', '2.5', '4.8', '3', 'N', '0', 'Y', 'Y', 'Y', NULL, NULL, NULL, NULL),
    ('SAAG', '01 ', '3', '12', '1', '2.5', '4.8', '3', 'N', '0', 'Y', 'Y', 'Y', NULL, NULL, NULL, NULL),
    ('SAAG', '19 ', '3', '12', '1', '2.5', '4.8', '3', 'N', '0', 'Y', 'Y', 'Y', NULL, NULL, NULL, NULL),
    ('SAAJ', '18 ', '3', '12', '1', '2.5', '4.8', '3', 'N', '0', 'Y', 'Y', 'Y', NULL, NULL, NULL, NULL),
    ('SAAJ', '36 ', '3', '12', '1', '2.5', '4.8', '3', 'N', '0', 'Y', 'Y', 'Y', NULL, NULL, NULL, NULL),
    ('SAAN', '22 ', '3', '12', '1', '2.5', '4.8', '3', 'N', '0', 'Y', 'Y', 'Y', NULL, NULL, NULL, NULL),
    ('SAAN', '04 ', '3', '12', '1', '2.5', '4.8', '3', 'N', '0', 'Y', 'Y', 'Y', NULL, NULL, NULL, NULL),
    ('SAAP', '02 ', '3', '12', '1', '2.5', '4.8', '3', 'N', '0', 'Y', 'Y', 'Y', NULL, NULL, NULL, NULL),
    ('SAAP', '20 ', '3', '12', '1', '2.5', '4.8', '3', 'N', '0', 'Y', 'Y', 'Y', NULL, NULL, NULL, NULL),
    ('SAAR', '20 ', '3', '12', '1', '2.5', '4.8', '3', 'N', '0', 'Y', 'Y', 'Y', NULL, NULL, NULL, NULL),
    ('SAAR', '02 ', '3', '12', '1', '2.5', '4.8', '3', 'N', '0', 'Y', 'Y', 'Y', NULL, NULL, NULL, NULL),
    ('SAAU', '18 ', '3', '12', '1', '2.5', '4.8', '3', 'N', '0', 'Y', 'Y', 'Y', NULL, NULL, NULL, NULL),
    ('SAAU', '36 ', '3', '12', '1', '2.5', '4.8', '3', 'N', '0', 'Y', 'Y', 'Y', NULL, NULL, NULL, NULL),
    ('SAAV', '03 ', '3', '12', '1', '2.5', '4.8', '3', 'N', '0', 'Y', 'Y', 'Y', NULL, NULL, NULL, NULL),
    ('SAAV', '21 ', '3', '12', '1', '2.5', '4.8', '3', 'N', '0', 'Y', 'Y', 'Y', NULL, NULL, NULL, NULL),
    ('SADF', '05 ', '3', '12', '1', '2.5', '4.8', '3', 'N', '0', 'Y', 'Y', 'Y', NULL, NULL, NULL, NULL),
    ('SADF', '23 ', '3', '12', '1', '2.5', '4.8', '3', 'N', '0', 'Y', 'Y', 'Y', NULL, NULL, NULL, NULL),
    ('SADJ', '16 ', '3', '12', '1', '2.5', '4.8', '3', 'N', '0', 'Y', 'Y', 'Y', NULL, NULL, NULL, NULL),
    ('SADJ', '34 ', '3', '12', '1', '2.5', '4.8', '3', 'N', '0', 'Y', 'Y', 'Y', NULL, NULL, NULL, NULL),
    ('SADL', '02 ', '3', '12', '1', '2.5', '4.8', '3', 'N', '0', 'Y', 'Y', 'Y', NULL, NULL, NULL, NULL),
    ('SADL', '20 ', '3', '12', '1', '2.5', '4.8', '3', 'N', '0', 'Y', 'Y', 'Y', NULL, NULL, NULL, NULL),
    ('SADM', '02 ', '3', '12', '1', '2.5', '4.8', '3', 'N', '0', 'Y', 'Y', 'Y', NULL, NULL, NULL, NULL),
    ('SADM', '20 ', '3', '12', '1', '2.5', '4.8', '3', 'N', '0', 'Y', 'Y', 'Y', NULL, NULL, NULL, NULL),
    ('SADO', '18 ', '3', '12', '1', '2.5', '4.8', '3', 'N', '0', 'Y', 'Y', 'Y', NULL, NULL, NULL, NULL),
    ('SADO', '36 ', '3', '12', '1', '2.5', '4.8', '3', 'N', '0', 'Y', 'Y', 'Y', NULL, NULL, NULL, NULL),
    ('SADP', '17 ', '3', '12', '1', '2.5', '4.8', '3', 'N', '0', 'Y', 'Y', 'Y', NULL, NULL, NULL, NULL),
    ('SADP', '35 ', '3', '12', '1', '2.5', '4.8', '3', 'N', '0', 'Y', 'Y', 'Y', NULL, NULL, NULL, NULL),
    ('SADR', '36 ', '3', '12', '1', '2.5', '4.8', '3', 'N', '0', 'Y', 'Y', 'Y', NULL, NULL, NULL, NULL),
    ('SADR', '18 ', '3', '12', '1', '2.5', '4.8', '3', 'N', '0', 'Y', 'Y', 'Y', NULL, NULL, NULL, NULL),
    ('SADS', '12 ', '3', '12', '1', '2.5', '4.8', '3', 'N', '0', 'Y', 'Y', 'Y', NULL, NULL, NULL, NULL),
    ('SADS', '30 ', '3', '12', '1', '2.5', '4.8', '3', 'N', '0', 'Y', 'Y', 'Y', NULL, NULL, NULL, NULL),
    ('SADS', '15 ', '3', '12', '1', '2.5', '4.8', '3', 'N', '0', 'Y', 'Y', 'Y', NULL, NULL, NULL, NULL),
    ('SADS', '33 ', '3', '12', '1', '2.5', '4.8', '3', 'N', '0', 'Y', 'Y', 'Y', NULL, NULL, NULL, NULL),
    ('SADZ', '35 ', '3', '12', '1', '2.5', '4.8', '3', 'N', '0', 'Y', 'Y', 'Y', NULL, NULL, NULL, NULL),
    ('SADZ', '17 ', '3', '12', '1', '2.5', '4.8', '3', 'N', '0', 'Y', 'Y', 'Y', NULL, NULL, NULL, NULL),
    ('SAEL', '09 ', '3', '12', '1', '2.5', '4.8', '3', 'N', '0', 'Y', 'Y', 'Y', NULL, NULL, NULL, NULL),
    ('SAEL', '27 ', '3', '12', '1', '2.5', '4.8', '3', 'N', '0', 'Y', 'Y', 'Y', NULL, NULL, NULL, NULL),
    ('SAEZ', '11 ', '3', '12', '1', '2.5', '4.8', '3', 'N', '0', 'Y', 'Y', 'Y', NULL, NULL, NULL, NULL),
    ('SAEZ', '29 ', '3', '12', '1', '2.5', '4.8', '3', 'N', '0', 'Y', 'Y', 'Y', NULL, NULL, NULL, NULL),
    ('SAEZ', '35 ', '3', '12', '1', '2.5', '4.8', '3', 'N', '0', 'Y', 'Y', 'Y', NULL, NULL, NULL, NULL),
    ('SAEZ', '17 ', '3', '12', '1', '2.5', '4.8', '3', 'N', '0', 'Y', 'Y', 'Y', NULL, NULL, NULL, NULL),
    ('SAOL', '18 ', '3', '12', '1', '2.5', '4.8', '3', 'N', '0', 'Y', 'Y', 'Y', NULL, NULL, NULL, NULL),
    ('SAOL', '36 ', '3', '12', '1', '2.5', '4.8', '3', 'N', '0', 'Y', 'Y', 'Y', NULL, NULL, NULL, NULL),
    ('SAZG', '34 ', '3', '12', '1', '2.5', '4.8', '3', 'N', '0', 'Y', 'Y', 'Y', NULL, NULL, NULL, NULL),
    ('SAZG', '16 ', '3', '12', '1', '2.5', '4.8', '3', 'N', '0', 'Y', 'Y', 'Y', NULL, NULL, NULL, NULL),
    ('SAZI', '02 ', '3', '12', '1', '2.5', '4.8', '3', 'N', '0', 'Y', 'Y', 'Y', NULL, NULL, NULL, NULL),
    ('SAZI', '20 ', '3', '12', '1', '2.5', '4.8', '3', 'N', '0', 'Y', 'Y', 'Y', NULL, NULL, NULL, NULL),
    ('SAZP', '18 ', '3', '12', '1', '2.5', '4.8', '3', 'N', '0', 'Y', 'Y', 'Y', NULL, NULL, NULL, NULL),
    ('SAZP', '36 ', '3', '12', '1', '2.5', '4.8', '3', 'N', '0', 'Y', 'Y', 'Y', NULL, NULL, NULL, NULL),
    ('SAAC', '22 ', '3', '12', '1', '2.5', '4.8', '3', 'N', '0', 'Y', 'Y', 'Y', NULL, NULL, NULL, NULL),
    ('SADQ', '18 ', '3', '12', '1', '2.5', '4.8', '3', 'N', '0', 'Y', 'Y', 'Y', NULL, NULL, NULL, NULL),
    ('SADQ', '36 ', '3', '12', '1', '2.5', '4.8', '3', 'N', '0', 'Y', 'Y', 'Y', NULL, NULL, NULL, NULL),
    ('SAET', '18 ', '3', '12', '1', '2.5', '4.8', '3', 'N', '0', 'Y', 'Y', 'Y', NULL, NULL, NULL, NULL),
    ('SAET', '36 ', '3', '12', '1', '2.5', '4.8', '3', 'N', '0', 'Y', 'Y', 'Y', NULL, NULL, NULL, NULL),
    ('SAZX', '13 ', '3', '12', '1', '2.5', '4.8', '3', 'N', '0', 'Y', 'Y', 'Y', NULL, NULL, NULL, NULL),
    ('SAZX', '31 ', '3', '12', '1', '2.5', '4.8', '3', 'N', '0', 'Y', 'Y', 'Y', NULL, NULL, NULL, NULL),
    ('SAAI', '06 ', '3', '12', '1', '2.5', '4.8', '3', 'N', '0', 'Y', 'Y', 'Y', NULL, NULL, NULL, NULL),
    ('SAAI', '24 ', '3', '12', '1', '2.5', '4.8', '3', 'N', '0', 'Y', 'Y', 'Y', NULL, NULL, NULL, NULL),
    ('SAAA', '07 ', '3', '12', '1', '2.5', '4.8', '3', 'N', '0', 'Y', 'Y', 'Y', NULL, NULL, NULL, NULL),
    ('SAAA', '25 ', '3', '12', '1', '2.5', '4.8', '3', 'N', '0', 'Y', 'Y', 'Y', NULL, NULL, NULL, NULL),
    ('SAHV', '01 ', '3', '12', '1', '2.5', '4.8', '3', 'N', '0', 'Y', 'Y', 'Y', NULL, NULL, NULL, NULL),
    ('SAHV', '19 ', '3', '12', '1', '2.5', '4.8', '3', 'N', '0', 'Y', 'Y', 'Y', NULL, NULL, NULL, NULL),
    ('SAAS', '14 ', '3', '12', '1', '2.5', '4.8', '3', 'N', '0', 'Y', 'Y', 'Y', NULL, NULL, NULL, NULL),
    ('SAAS', '32 ', '3', '12', '1', '2.5', '4.8', '3', 'N', '0', 'Y', 'Y', 'Y', NULL, NULL, NULL, NULL),
    ('SAFS', '11 ', '3', '12', '1', '2.5', '4.8', '3', 'N', '0', 'Y', 'Y', 'Y', NULL, NULL, NULL, NULL),
    ('SAFS', '29 ', '3', '12', '1', '2.5', '4.8', '3', 'N', '0', 'Y', 'Y', 'Y', NULL, NULL, NULL, NULL),
    ('SAFR', '19 ', '3', '12', '1', '2.5', '4.8', '3', 'N', '0', 'Y', 'Y', 'Y', NULL, NULL, NULL, NULL),
    ('SAFR', '01 ', '3', '12', '1', '2.5', '4.8', '3', 'N', '0', 'Y', 'Y', 'Y', NULL, NULL, NULL, NULL),
    ('SACT', '01 ', '3', '12', '1', '2.5', '4.8', '3', 'N', '0', 'Y', 'Y', 'Y', NULL, NULL, NULL, NULL),
    ('SACT', '19 ', '3', '12', '1', '2.5', '4.8', '3', 'N', '0', 'Y', 'Y', 'Y', NULL, NULL, NULL, NULL),
    ('SACE', '02 ', '3', '12', '1', '2.5', '4.8', '3', 'N', '0', 'Y', 'Y', 'Y', NULL, NULL, NULL, NULL),
    ('SACE', '20 ', '3', '12', '1', '2.5', '4.8', '3', 'N', '0', 'Y', 'Y', 'Y', NULL, NULL, NULL, NULL),
    ('SACD', '05 ', '3', '12', '1', '2.5', '4.8', '3', 'N', '0', 'Y', 'Y', 'Y', NULL, NULL, NULL, NULL),
    ('SACD', '23 ', '3', '12', '1', '2.5', '4.8', '3', 'N', '0', 'Y', 'Y', 'Y', NULL, NULL, NULL, NULL),
    ('SACC', '14 ', '3', '12', '1', '2.5', '4.8', '3', 'N', '0', 'Y', 'Y', 'Y', NULL, NULL, NULL, NULL),
    ('SACC', '32 ', '3', '12', '1', '2.5', '4.8', '3', 'N', '0', 'Y', 'Y', 'Y', NULL, NULL, NULL, NULL),
    ('SACA', '17 ', '3', '12', '1', '2.5', '4.8', '3', 'N', '0', 'Y', 'Y', 'Y', NULL, NULL, NULL, NULL),
    ('SACA', '35 ', '3', '12', '1', '2.5', '4.8', '3', 'N', '0', 'Y', 'Y', 'Y', NULL, NULL, NULL, NULL),
    ('SAST', '02 ', '3', '12', '1', '2.5', '4.8', '3', 'N', '0', 'Y', 'Y', 'Y', NULL, NULL, NULL, NULL),
    ('SAST', '20 ', '3', '12', '1', '2.5', '4.8', '3', 'N', '0', 'Y', 'Y', 'Y', NULL, NULL, NULL, NULL),
    ('SASQ', '16 ', '3', '12', '1', '2.5', '4.8', '3', 'N', '0', 'Y', 'Y', 'Y', NULL, NULL, NULL, NULL),
    ('SASQ', '34 ', '3', '12', '1', '2.5', '4.8', '3', 'N', '0', 'Y', 'Y', 'Y', NULL, NULL, NULL, NULL),
    ('SASO', '02 ', '3', '12', '1', '2.5', '4.8', '3', 'N', '0', 'Y', 'Y', 'Y', NULL, NULL, NULL, NULL),
    ('SASO', '20 ', '3', '12', '1', '2.5', '4.8', '3', 'N', '0', 'Y', 'Y', 'Y', NULL, NULL, NULL, NULL),
    ('SASJ', '16 ', '3', '12', '1', '2.5', '4.8', '3', 'N', '0', 'Y', 'Y', 'Y', NULL, NULL, NULL, NULL),
    ('SASJ', '34 ', '3', '12', '1', '2.5', '4.8', '3', 'N', '0', 'Y', 'Y', 'Y', NULL, NULL, NULL, NULL),
    ('SASA', '06 ', '3', '12', '1', '2.5', '4.8', '3', 'N', '0', 'Y', 'Y', 'Y', NULL, NULL, NULL, NULL),
    ('SASA', '02 ', '3', '12', '1', '2.5', '4.8', '3', 'N', '0', 'Y', 'Y', 'Y', NULL, NULL, NULL, NULL),
    ('SASA', '20 ', '3', '12', '1', '2.5', '4.8', '3', 'N', '0', 'Y', 'Y', 'Y', NULL, NULL, NULL, NULL),
    ('SASA', '24 ', '3', '12', '1', '2.5', '4.8', '3', 'N', '0', 'Y', 'Y', 'Y', NULL, NULL, NULL, NULL),
    ('SAOM', '08 ', '3', '12', '1', '2.5', '4.8', '3', 'N', '0', 'Y', 'Y', 'Y', NULL, NULL, NULL, NULL),
    ('SAOM', '26 ', '3', '12', '1', '2.5', '4.8', '3', 'N', '0', 'Y', 'Y', 'Y', NULL, NULL, NULL, NULL),
    ('SAOD', '17 ', '3', '12', '1', '2.5', '4.8', '3', 'N', '0', 'Y', 'Y', 'Y', NULL, NULL, NULL, NULL),
    ('SAOD', '35 ', '3', '12', '1', '2.5', '4.8', '3', 'N', '0', 'Y', 'Y', 'Y', NULL, NULL, NULL, NULL),
    ('SAOC', '05 ', '3', '12', '1', '2.5', '4.8', '3', 'N', '0', 'Y', 'Y', 'Y', NULL, NULL, NULL, NULL),
    ('SAOC', '23 ', '3', '12', '1', '2.5', '4.8', '3', 'N', '0', 'Y', 'Y', 'Y', NULL, NULL, NULL, NULL),
    ('SAOC', '18 ', '3', '12', '1', '2.5', '4.8', '3', 'N', '0', 'Y', 'Y', 'Y', NULL, NULL, NULL, NULL),
    ('SAOC', '36 ', '3', '12', '1', '2.5', '4.8', '3', 'N', '0', 'Y', 'Y', 'Y', NULL, NULL, NULL, NULL),
    ('SANW', '05 ', '3', '12', '1', '2.5', '4.8', '3', 'N', '0', 'Y', 'Y', 'Y', NULL, NULL, NULL, NULL),
    ('SANW', '23 ', '3', '12', '1', '2.5', '4.8', '3', 'N', '0', 'Y', 'Y', 'Y', NULL, NULL, NULL, NULL),
    ('SANT', '02 ', '3', '12', '1', '2.5', '4.8', '3', 'N', '0', 'Y', 'Y', 'Y', NULL, NULL, NULL, NULL),
    ('SANT', '20 ', '3', '12', '1', '2.5', '4.8', '3', 'N', '0', 'Y', 'Y', 'Y', NULL, NULL, NULL, NULL),
    ('SANR', '01 ', '3', '12', '1', '2.5', '4.8', '3', 'N', '0', 'Y', 'Y', 'Y', NULL, NULL, NULL, NULL),
    ('SANR', '19 ', '3', '12', '1', '2.5', '4.8', '3', 'N', '0', 'Y', 'Y', 'Y', NULL, NULL, NULL, NULL),
    ('SANO', '17 ', '3', '12', '1', '2.5', '4.8', '3', 'N', '0', 'Y', 'Y', 'Y', NULL, NULL, NULL, NULL),
    ('SANO', '35 ', '3', '12', '1', '2.5', '4.8', '3', 'N', '0', 'Y', 'Y', 'Y', NULL, NULL, NULL, NULL),
    ('SANL', '03 ', '3', '12', '1', '2.5', '4.8', '3', 'N', '0', 'Y', 'Y', 'Y', NULL, NULL, NULL, NULL),
    ('SANL', '21 ', '3', '12', '1', '2.5', '4.8', '3', 'N', '0', 'Y', 'Y', 'Y', NULL, NULL, NULL, NULL),
    ('SANI', '15 ', '3', '12', '1', '2.5', '4.8', '3', 'N', '0', 'Y', 'Y', 'Y', NULL, NULL, NULL, NULL),
    ('SANI', '33 ', '3', '12', '1', '2.5', '4.8', '3', 'N', '0', 'Y', 'Y', 'Y', NULL, NULL, NULL, NULL),
    ('SANE', '03 ', '3', '12', '1', '2.5', '4.8', '3', 'N', '0', 'Y', 'Y', 'Y', NULL, NULL, NULL, NULL),
    ('SANE', '21 ', '3', '12', '1', '2.5', '4.8', '3', 'N', '0', 'Y', 'Y', 'Y', NULL, NULL, NULL, NULL),
    ('SANC', '02 ', '3', '12', '1', '2.5', '4.8', '3', 'N', '0', 'Y', 'Y', 'Y', NULL, NULL, NULL, NULL),
    ('SANC', '20 ', '3', '12', '1', '2.5', '4.8', '3', 'N', '0', 'Y', 'Y', 'Y', NULL, NULL, NULL, NULL),
    ('SAOV', '02 ', '3', '12', '1', '2.5', '4.8', '3', 'N', '0', 'Y', 'Y', 'Y', NULL, NULL, NULL, NULL),
    ('SAOV', '20 ', '3', '12', '1', '2.5', '4.8', '3', 'N', '0', 'Y', 'Y', 'Y', NULL, NULL, NULL, NULL),
    ('SAOS', '02 ', '3', '12', '1', '2.5', '4.8', '3', 'N', '0', 'Y', 'Y', 'Y', NULL, NULL, NULL, NULL),
    ('SAOS', '20 ', '3', '12', '1', '2.5', '4.8', '3', 'N', '0', 'Y', 'Y', 'Y', NULL, NULL, NULL, NULL),
    ('SROM', '02 ', '3', '12', '1', '2.5', '4.8', '3', 'N', '0', 'Y', 'Y', 'Y', NULL, NULL, NULL, NULL),
    ('SROM', '20 ', '3', '12', '1', '2.5', '4.8', '3', 'N', '0', 'Y', 'Y', 'Y', NULL, NULL, NULL, NULL),
    ('SRNH', '11 ', '3', '12', '1', '2.5', '4.8', '3', 'N', '0', 'Y', 'Y', 'Y', NULL, NULL, NULL, NULL),
    ('SRNH', '29 ', '3', '12', '1', '2.5', '4.8', '3', 'N', '0', 'Y', 'Y', 'Y', NULL, NULL, NULL, NULL),
    ('SACO', '01 ', '3', '12', '1', '2.5', '4.8', '3', 'N', '0', 'Y', 'Y', 'Y', '312228.69S', '0641226.21W', '313129.81S', '0641217.33W'),
    ('SACO', '05 ', '3', '12', '1', '2.5', '4.8', '3', 'N', '0', 'Y', 'Y', 'Y', '312132.75S', '0641453.51W', '312800.54S', '0642213.68W'),
    ('SACO', '19 ', '3', '12', '1', '2.5', '4.8', '3', 'N', '0', 'Y', 'Y', 'Y', '311443.98S', '0641233.81W', '310542.82S', '0641242.63W'),
    ('SACO', '23 ', '3', '12', '1', '2.5', '4.8', '3', 'N', '0', 'Y', 'Y', 'Y', '311622.71S', '0640902.64W', '310954.17S', '0640144.27W');
